-- MySQL dump 10.13  Distrib 8.0.30, for Win64 (x86_64)
--
-- Host: localhost    Database: sgrafika
-- ------------------------------------------------------
-- Server version	8.0.30

/*!40101 SET @OLD_CHARACTER_SET_CLIENT=@@CHARACTER_SET_CLIENT */;
/*!40101 SET @OLD_CHARACTER_SET_RESULTS=@@CHARACTER_SET_RESULTS */;
/*!40101 SET @OLD_COLLATION_CONNECTION=@@COLLATION_CONNECTION */;
/*!50503 SET NAMES utf8mb4 */;
/*!40103 SET @OLD_TIME_ZONE=@@TIME_ZONE */;
/*!40103 SET TIME_ZONE='+00:00' */;
/*!40014 SET @OLD_UNIQUE_CHECKS=@@UNIQUE_CHECKS, UNIQUE_CHECKS=0 */;
/*!40014 SET @OLD_FOREIGN_KEY_CHECKS=@@FOREIGN_KEY_CHECKS, FOREIGN_KEY_CHECKS=0 */;
/*!40101 SET @OLD_SQL_MODE=@@SQL_MODE, SQL_MODE='NO_AUTO_VALUE_ON_ZERO' */;
/*!40111 SET @OLD_SQL_NOTES=@@SQL_NOTES, SQL_NOTES=0 */;

--
-- Table structure for table `barang`
--

DROP TABLE IF EXISTS `barang`;
/*!40101 SET @saved_cs_client     = @@character_set_client */;
/*!50503 SET character_set_client = utf8mb4 */;
CREATE TABLE `barang` (
  `id` int NOT NULL AUTO_INCREMENT,
  `entity_id` int DEFAULT NULL,
  `nama` varchar(200) NOT NULL,
  `created_at` timestamp NULL DEFAULT CURRENT_TIMESTAMP,
  PRIMARY KEY (`id`)
) ENGINE=InnoDB AUTO_INCREMENT=30 DEFAULT CHARSET=utf8mb4 COLLATE=utf8mb4_0900_ai_ci;
/*!40101 SET character_set_client = @saved_cs_client */;

--
-- Dumping data for table `barang`
--

LOCK TABLES `barang` WRITE;
/*!40000 ALTER TABLE `barang` DISABLE KEYS */;
INSERT INTO `barang` VALUES (1,1,'Neon Box','2026-06-08 09:46:38'),(2,1,'Huruf Timbul (Letter Sign)','2026-06-08 09:46:38'),(3,1,'Akrilik / Pet Box (3D Letter)','2026-06-08 09:46:38'),(4,1,'Papan Reklame / Billboard','2026-06-08 09:46:38'),(5,1,'Banner / Spanduk','2026-06-08 09:46:38'),(6,1,'Sticker Cutting','2026-06-08 09:46:38'),(7,1,'Digital Printing (Indoor)','2026-06-08 09:46:38'),(8,1,'Digital Printing (Outdoor)','2026-06-08 09:46:38'),(9,1,'X-Banner / Roll Up Banner','2026-06-08 09:46:38'),(10,1,'Kalender Meja / Dinding','2026-06-08 09:46:38'),(11,1,'ID Card / Name Tag','2026-06-08 09:46:38'),(12,1,'Paper Bag / Dus Packaging','2026-06-08 09:46:38'),(13,1,'Brosur / Flyer','2026-06-08 09:46:38'),(14,1,'Kartu Nama','2026-06-08 09:46:38'),(15,1,'Nota / Kwitansi','2026-06-08 09:46:38'),(16,1,'Stempel','2026-06-08 09:46:38'),(17,1,'Light Box (Pedestrian / Billboard)','2026-06-08 09:46:38'),(18,1,'Total Station / Pylon Sign','2026-06-08 09:46:38'),(19,1,'Running Text / LED Display','2026-06-08 09:46:38'),(20,2,'Cutting Laser Akrilik','2026-06-08 09:46:38'),(21,2,'Cutting Laser Kayu','2026-06-08 09:46:38'),(22,2,'Cutting Laser Stainless','2026-06-08 09:46:38'),(23,2,'Plakat / Piala Akrilik','2026-06-08 09:46:38'),(24,2,'Souvenir / Gimmick','2026-06-08 09:46:38'),(25,1,'Jasa Pasang Reklame','2026-06-08 09:46:38'),(26,1,'Jasa Pemasangan Neon Box','2026-06-08 09:46:38'),(27,1,'Jasa Pemasangan Huruf Timbul','2026-06-08 09:46:38'),(28,1,'Jasa Instalasi Light Box','2026-06-08 09:46:38'),(29,1,'Jasa Desain Grafis','2026-06-08 09:46:38');
/*!40000 ALTER TABLE `barang` ENABLE KEYS */;
UNLOCK TABLES;

--
-- Table structure for table `counter_dokumen`
--

DROP TABLE IF EXISTS `counter_dokumen`;
/*!40101 SET @saved_cs_client     = @@character_set_client */;
/*!50503 SET character_set_client = utf8mb4 */;
CREATE TABLE `counter_dokumen` (
  `id` int NOT NULL AUTO_INCREMENT,
  `entity_id` int DEFAULT NULL,
  `jenis` varchar(20) NOT NULL,
  `tahun` varchar(4) NOT NULL,
  `nomor_terakhir` int DEFAULT '0',
  PRIMARY KEY (`id`),
  UNIQUE KEY `unique_counter` (`entity_id`,`jenis`,`tahun`)
) ENGINE=InnoDB AUTO_INCREMENT=9 DEFAULT CHARSET=utf8mb4 COLLATE=utf8mb4_0900_ai_ci;
/*!40101 SET character_set_client = @saved_cs_client */;

--
-- Dumping data for table `counter_dokumen`
--

LOCK TABLES `counter_dokumen` WRITE;
/*!40000 ALTER TABLE `counter_dokumen` DISABLE KEYS */;
INSERT INTO `counter_dokumen` VALUES (1,1,'sp','2026',80),(2,1,'sk','2026',70),(3,1,'proforma','2026',70),(4,1,'inv_dp','2026',51),(5,1,'inv_pelunasan','2026',33),(6,1,'sj','2026',44),(7,1,'ba','2026',36),(8,1,'inv','2026',0);
/*!40000 ALTER TABLE `counter_dokumen` ENABLE KEYS */;
UNLOCK TABLES;

--
-- Table structure for table `entity`
--

DROP TABLE IF EXISTS `entity`;
/*!40101 SET @saved_cs_client     = @@character_set_client */;
/*!50503 SET character_set_client = utf8mb4 */;
CREATE TABLE `entity` (
  `id` int NOT NULL AUTO_INCREMENT,
  `name` varchar(100) NOT NULL,
  `slug` varchar(50) NOT NULL,
  `logo_svg` varchar(255) DEFAULT NULL,
  `alamat` text,
  `no_telp` varchar(30) DEFAULT NULL,
  `kota` varchar(100) DEFAULT NULL,
  `kena_ppn` tinyint(1) DEFAULT '1',
  `direktur` varchar(100) DEFAULT NULL,
  `bank` varchar(100) DEFAULT NULL,
  `atas_nama` varchar(100) DEFAULT NULL,
  `no_rekening` varchar(50) DEFAULT NULL,
  `created_at` timestamp NULL DEFAULT CURRENT_TIMESTAMP,
  PRIMARY KEY (`id`),
  UNIQUE KEY `slug` (`slug`)
) ENGINE=InnoDB AUTO_INCREMENT=3 DEFAULT CHARSET=utf8mb4 COLLATE=utf8mb4_0900_ai_ci;
/*!40101 SET character_set_client = @saved_cs_client */;

--
-- Dumping data for table `entity`
--

LOCK TABLES `entity` WRITE;
/*!40000 ALTER TABLE `entity` DISABLE KEYS */;
INSERT INTO `entity` VALUES (1,'Sriwijaya Grafika','sriwijaya-grafika',NULL,'Jl. Pertanian No. 105 Talang Jambe, Palembang','0852-15111125','Palembang',1,'M. Edy Munandar','Bank BCA','Sriwijaya Grafika, CV','114-0299100','2026-06-08 09:46:38'),(2,'Workshop Sriwijaya','workshop-sriwijaya',NULL,'Jl. Pertanian No. 105 Talang Jambe, Palembang','0852-15111125','Palembang',0,'Wenni Septiyana','Bank BCA','Wenni Septiyana','0212599130','2026-06-08 09:46:38');
/*!40000 ALTER TABLE `entity` ENABLE KEYS */;
UNLOCK TABLES;

--
-- Table structure for table `klien`
--

DROP TABLE IF EXISTS `klien`;
/*!40101 SET @saved_cs_client     = @@character_set_client */;
/*!50503 SET character_set_client = utf8mb4 */;
CREATE TABLE `klien` (
  `id` int NOT NULL AUTO_INCREMENT,
  `entity_id` int DEFAULT NULL,
  `nama_perusahaan` varchar(200) NOT NULL,
  `alamat` text,
  `npwp` varchar(30) DEFAULT NULL,
  `pic` varchar(100) DEFAULT NULL,
  `no_telp` varchar(30) DEFAULT NULL,
  `created_at` timestamp NULL DEFAULT CURRENT_TIMESTAMP,
  PRIMARY KEY (`id`)
) ENGINE=InnoDB AUTO_INCREMENT=21 DEFAULT CHARSET=utf8mb4 COLLATE=utf8mb4_0900_ai_ci;
/*!40101 SET character_set_client = @saved_cs_client */;

--
-- Dumping data for table `klien`
--

LOCK TABLES `klien` WRITE;
/*!40000 ALTER TABLE `klien` DISABLE KEYS */;
INSERT INTO `klien` VALUES (1,1,'PT Kocar Kacir Jaya','Jl. Air Bersih No. 2, Palembang','01.234.567.8-901.000','Bpk. Budianto','08787650001','2026-06-08 09:46:38'),(2,1,'CV Bentang Alam','Rusun Blok 28, Palembang','84.398.739.2-873.000','Ilham','081278901234','2026-06-08 09:46:38'),(3,1,'PT Bumi Sriwijaya','Jl. Jendral Sudirman No. 123, Palembang','02.345.678.9-012.000','Ibu Rina','081234567890','2026-06-08 09:46:38'),(4,1,'CV Maju Bersama','Jl. Kapten A. Rivai No. 45, Palembang',NULL,'Bpk. Agus','082345678901','2026-06-08 09:46:38'),(5,1,'PT Indah Perkasa','Jl. Demang Lebar Daun No. 88, Palembang','03.456.789.0-123.000','Bpk. Hendra','083456789012','2026-06-08 09:46:38'),(6,1,'CV Sukses Mandiri','Kompleks OPI Mall Blok A1, Palembang',NULL,'Sari','084567890123','2026-06-08 09:46:38'),(7,1,'PT Delta Surya','Jl. R. Sukamto No. 56, Palembang','04.567.890.1-234.000','Bpk. Dimas','085678901234','2026-06-08 09:46:38'),(8,1,'CV Karya Abadi','Jl. H. M. Zen No. 12, Palembang',NULL,'Bpk. Eko','086789012345','2026-06-08 09:46:38'),(9,1,'PT Mega Persada','Jl. Pangeran Sido Ing Kenayan, Palembang','05.678.901.2-345.000','Ibu Fitri','087890123456','2026-06-08 09:46:38'),(10,1,'CV Anugrah Pratama','Jl. Veteran No. 34, Palembang',NULL,'Bpk. Gunawan','088901234567','2026-06-08 09:46:38'),(11,1,'PT Sinar Abadi','Jl. Basuki Rahmat No. 67, Palembang','06.789.012.3-456.000','Ibu Hani','089012345678','2026-06-08 09:46:38'),(12,2,'Toko Berkah Jaya','Pasar 16 Ilir, Palembang',NULL,'Bpk. Irfan','081112223334','2026-06-08 09:46:38'),(13,2,'Bengkel Motor Sukses','Jl. Kol. H. Burlian, Palembang',NULL,'Bpk. Joko','082223334445','2026-06-08 09:46:38'),(14,2,'Warung Frozen Food Mama','Jl. Rajawali No. 7, Palembang',NULL,'Mama Rina','083334445556','2026-06-08 09:46:38'),(15,2,'Salon & Spa Cantika','Jl. Sriwijaya Raya No. 19, Palembang',NULL,'Kiki','084445556667','2026-06-08 09:46:38'),(16,1,'PT Bumi Alam Lestari','Jl. Letnan Darna Utama, Palembang','07.890.123.4-567.000','Bpk. Lukman','085556667778','2026-06-08 09:46:38'),(17,1,'CV Tiga Putra','Jl. Mayjen H. M. Ryacudu, Palembang',NULL,'Bpk. Marwan','086667778889','2026-06-08 09:46:38'),(18,1,'PT Nusantara Indah','Jl. Gubernur H. A. Bastari, Palembang','08.901.234.5-678.000','Ibu Nita','087777888990','2026-06-08 09:46:38'),(19,2,'Kafe Kopi Kito','Jl. Faqih Jalaluddin, Palembang',NULL,'Bpk. Oki','088889990001','2026-06-08 09:46:38'),(20,2,'Laundry Bersih Bersih','Jl. Mayor Ruslan, Palembang',NULL,'Ibu Putri','089990001112','2026-06-08 09:46:38');
/*!40000 ALTER TABLE `klien` ENABLE KEYS */;
UNLOCK TABLES;

--
-- Table structure for table `proyek`
--

DROP TABLE IF EXISTS `proyek`;
/*!40101 SET @saved_cs_client     = @@character_set_client */;
/*!50503 SET character_set_client = utf8mb4 */;
CREATE TABLE `proyek` (
  `id` int NOT NULL AUTO_INCREMENT,
  `entity_id` int DEFAULT NULL,
  `no_referensi` varchar(10) NOT NULL,
  `klien_id` int DEFAULT NULL,
  `tanggal` date NOT NULL DEFAULT (curdate()),
  `berlaku_sampai` date NOT NULL DEFAULT ((curdate() + interval 1 month)),
  `no_sp` varchar(20) DEFAULT NULL,
  `no_sk` varchar(20) DEFAULT NULL,
  `no_inv` varchar(20) DEFAULT NULL,
  `no_sj` varchar(20) DEFAULT NULL,
  `no_ba` varchar(20) DEFAULT NULL,
  `no_proforma` varchar(20) DEFAULT NULL,
  `no_inv_dp` varchar(20) DEFAULT NULL,
  `no_inv_pelunasan` varchar(20) DEFAULT NULL,
  `diskon_persen` decimal(5,2) DEFAULT '0.00',
  `ppn_persen` decimal(5,2) DEFAULT '11.00',
  `sub_total` decimal(15,2) DEFAULT '0.00',
  `dpp` decimal(15,2) DEFAULT '0.00',
  `grand_total` decimal(15,2) DEFAULT '0.00',
  `dibuat_oleh` int DEFAULT NULL,
  `is_archived` tinyint(1) DEFAULT '0',
  `created_at` timestamp NULL DEFAULT CURRENT_TIMESTAMP,
  `updated_at` timestamp NULL DEFAULT CURRENT_TIMESTAMP ON UPDATE CURRENT_TIMESTAMP,
  `dp_persen` decimal(5,1) DEFAULT '50.0',
  `waktu_pelaksanaan_hari` int DEFAULT '7',
  PRIMARY KEY (`id`),
  UNIQUE KEY `no_referensi` (`no_referensi`)
) ENGINE=InnoDB AUTO_INCREMENT=101 DEFAULT CHARSET=utf8mb4 COLLATE=utf8mb4_0900_ai_ci;
/*!40101 SET character_set_client = @saved_cs_client */;

--
-- Dumping data for table `proyek`
--

LOCK TABLES `proyek` WRITE;
/*!40000 ALTER TABLE `proyek` DISABLE KEYS */;
INSERT INTO `proyek` VALUES (1,1,'0800702800',8,'2025-05-31','2025-06-23','SP-001','SK-001',NULL,NULL,NULL,'PF-001','INV/DP-001','INV/LUNAS-001',0.00,11.00,562105758.00,562105758.00,623937391.38,2,0,'2025-05-31 06:13:04','2025-06-24 06:13:04',50.0,10),(2,1,'0223597059',8,'2025-10-27','2025-12-02','SP-002','SK-002',NULL,'SJ-001','BA-001','PF-002','INV/DP-002',NULL,0.00,11.00,160050434.00,160050434.00,177655981.74,5,0,'2025-10-27 06:58:54','2025-11-09 06:58:54',50.0,18),(3,1,'6515369824',11,'2026-02-12','2026-04-06','SP-003','SK-003',NULL,'SJ-002','BA-002','PF-003','INV/DP-003','INV/LUNAS-002',0.00,11.00,233398839.00,233398839.00,259072711.29,2,0,'2026-02-12 08:43:33','2026-03-12 08:43:33',50.0,5),(4,1,'7241628202',2,'2025-09-15','2025-11-08','SP-004',NULL,NULL,NULL,NULL,NULL,NULL,NULL,0.00,11.00,271609999.00,271609999.00,301487098.89,1,1,'2025-09-15 07:52:10','2025-09-24 07:52:10',50.0,18),(5,1,'0450157149',6,'2026-02-25','2026-03-30','SP-005','SK-004',NULL,NULL,NULL,'PF-004',NULL,NULL,0.00,11.00,218662003.00,218662003.00,242714823.33,1,0,'2026-02-25 08:21:04','2026-03-17 08:21:04',50.0,26),(6,1,'2357269621',7,'2025-05-10','2025-06-04','SP-006','SK-005',NULL,'SJ-003',NULL,'PF-005','INV/DP-004',NULL,0.00,11.00,233490048.00,233490048.00,259173953.28,5,0,'2025-05-10 06:38:07','2025-06-06 06:38:07',50.0,24),(7,1,'3755999407',5,'2025-10-06','2025-11-16','SP-007','SK-006',NULL,'SJ-004','BA-003','PF-006','INV/DP-005',NULL,14.00,11.00,42431883.00,36491419.38,40505475.51,5,0,'2025-10-06 08:00:38','2025-10-30 08:00:38',50.0,21),(8,1,'9439456978',8,'2026-02-06','2026-03-02','SP-008','SK-007',NULL,'SJ-005','BA-004','PF-007','INV/DP-006',NULL,0.00,11.00,202238802.00,202238802.00,224485070.22,5,0,'2026-02-06 06:56:28','2026-02-14 06:56:28',50.0,3),(9,1,'0635714324',11,'2025-01-23','2025-03-20',NULL,NULL,NULL,NULL,NULL,NULL,NULL,NULL,7.00,11.00,48524889.00,45128146.77,50092242.91,1,0,'2025-01-23 10:05:18','2025-02-15 10:05:18',50.0,7),(10,1,'4429535691',5,'2025-10-01','2025-11-22','SP-009','SK-008',NULL,'SJ-006','BA-005','PF-008','INV/DP-007',NULL,0.00,11.00,223964487.00,223964487.00,248600580.57,1,0,'2025-10-01 07:32:48','2025-10-23 07:32:48',50.0,27),(11,1,'8634816737',4,'2025-03-04','2025-03-30',NULL,NULL,NULL,NULL,NULL,NULL,NULL,NULL,0.00,11.00,349146795.00,349146795.00,387552942.45,1,0,'2025-03-04 10:23:01','2025-03-12 10:23:01',50.0,3),(12,1,'5528228914',5,'2025-12-26','2026-02-18',NULL,NULL,NULL,NULL,NULL,NULL,NULL,NULL,7.00,11.00,160655365.00,149409489.45,165844533.29,3,0,'2025-12-26 05:47:54','2026-01-17 05:47:54',50.0,20),(13,1,'6027377299',8,'2025-09-16','2025-10-22','SP-010',NULL,NULL,NULL,NULL,NULL,NULL,NULL,4.00,11.00,99449987.00,95471987.52,105973906.15,1,1,'2025-09-16 07:19:54','2025-10-01 07:19:54',50.0,12),(14,2,'3935104386',14,'2025-07-22','2025-08-25','SP-011','SK-009',NULL,'SJ-007',NULL,'PF-009',NULL,NULL,5.00,0.00,238119400.00,226213430.00,226213430.00,5,0,'2025-07-22 08:37:19','2025-07-28 08:37:19',50.0,6),(15,1,'5050928205',5,'2025-08-12','2025-09-26','SP-012','SK-010',NULL,'SJ-008','BA-006','PF-010','INV/DP-008',NULL,1.00,11.00,396112904.00,392151774.96,435288470.21,1,0,'2025-08-12 02:49:58','2025-08-24 02:49:58',50.0,15),(16,2,'5868810376',12,'2025-09-11','2025-10-21',NULL,NULL,NULL,NULL,NULL,NULL,NULL,NULL,5.00,0.00,84210840.00,80000298.00,80000298.00,2,0,'2025-09-11 10:38:00','2025-10-01 10:38:00',50.0,10),(17,2,'3676064530',12,'2025-10-09','2025-10-30','SP-013','SK-011',NULL,'SJ-009',NULL,'PF-011','INV/DP-009',NULL,8.00,0.00,508001965.00,467361807.80,467361807.80,2,0,'2025-10-09 05:25:21','2025-10-20 05:25:21',50.0,6),(18,1,'0567056524',1,'2026-03-22','2026-04-08','SP-014','SK-012',NULL,'SJ-010','BA-007','PF-012',NULL,NULL,3.00,11.00,77486207.00,75161620.79,83429399.08,2,0,'2026-03-22 08:52:47','2026-04-01 08:52:47',50.0,8),(19,1,'6107654162',17,'2025-12-21','2026-01-23','SP-015','SK-013',NULL,'SJ-011','BA-008','PF-013','INV/DP-010','INV/LUNAS-003',0.00,11.00,117405250.00,117405250.00,130319827.50,5,0,'2025-12-21 04:12:16','2026-01-03 04:12:16',50.0,19),(20,2,'8285786400',12,'2025-03-11','2025-04-10','SP-016','SK-014',NULL,NULL,NULL,'PF-014','INV/DP-011',NULL,5.00,0.00,143923614.00,136727433.30,136727433.30,1,0,'2025-03-11 10:56:40','2025-04-06 10:56:40',50.0,18),(21,1,'1624272745',5,'2025-06-06','2025-07-07','SP-017','SK-015',NULL,'SJ-012','BA-009','PF-015',NULL,'INV/LUNAS-004',25.00,11.00,108890901.00,81668175.75,90651675.08,2,0,'2025-06-06 04:43:19','2025-06-16 04:43:19',50.0,4),(22,1,'4646651498',6,'2025-07-31','2025-09-10','SP-018','SK-016',NULL,'SJ-013','BA-010','PF-016','INV/DP-012','INV/LUNAS-005',22.00,11.00,119131086.00,92922247.08,103143694.26,3,0,'2025-07-31 02:45:22','2025-08-26 02:45:22',50.0,4),(23,1,'3018910936',11,'2026-05-20','2026-06-10','SP-019','SK-017',NULL,NULL,'BA-011','PF-017',NULL,'INV/LUNAS-006',0.00,11.00,36098821.00,36098821.00,40069691.31,2,0,'2026-05-20 02:12:40','2026-05-28 02:12:40',50.0,17),(24,1,'7268080898',18,'2026-03-16','2026-03-30','SP-020','SK-018',NULL,NULL,'BA-012','PF-018','INV/DP-013','INV/LUNAS-007',0.00,11.00,238253315.00,238253315.00,264461179.65,1,0,'2026-03-16 07:08:23','2026-03-21 07:08:23',50.0,23),(25,1,'6517066563',8,'2025-05-26','2025-06-09','SP-021','SK-019',NULL,NULL,'BA-013','PF-019','INV/DP-014',NULL,0.00,11.00,512890482.00,512890482.00,569308435.02,3,0,'2025-05-26 10:17:55','2025-06-19 10:17:55',50.0,23),(26,2,'6967736253',13,'2025-11-03','2025-11-27','SP-022','SK-020',NULL,'SJ-014','BA-014','PF-020','INV/DP-015','INV/LUNAS-008',4.00,0.00,227282504.00,218191203.84,218191203.84,5,0,'2025-11-03 01:58:20','2025-11-21 01:58:20',50.0,15),(27,2,'6230461451',19,'2025-11-20','2026-01-18','SP-023','SK-021',NULL,NULL,'BA-015','PF-021',NULL,'INV/LUNAS-009',0.00,0.00,429358457.00,429358457.00,429358457.00,5,0,'2025-11-20 10:38:59','2025-12-02 10:38:59',50.0,28),(28,1,'4345936372',5,'2026-04-23','2026-06-21','SP-024','SK-022',NULL,NULL,'BA-016','PF-022','INV/DP-016',NULL,0.00,11.00,223390664.00,223390664.00,247963637.04,2,0,'2026-04-23 03:07:45','2026-05-21 03:07:45',50.0,20),(29,2,'3660110075',12,'2026-03-26','2026-04-24','SP-025','SK-023',NULL,'SJ-015','BA-017','PF-023','INV/DP-017',NULL,0.00,0.00,41983950.00,41983950.00,41983950.00,1,0,'2026-03-26 05:15:29','2026-03-28 05:15:29',50.0,4),(30,1,'1287178068',5,'2025-06-24','2025-08-07','SP-026','SK-024',NULL,'SJ-016',NULL,'PF-024','INV/DP-018','INV/LUNAS-010',6.00,11.00,79939098.00,75142752.12,83408454.85,5,0,'2025-06-24 09:10:13','2025-07-12 09:10:13',50.0,15),(31,1,'1439085883',11,'2025-02-05','2025-03-31',NULL,NULL,NULL,NULL,NULL,NULL,NULL,NULL,0.00,11.00,57711000.00,57711000.00,64059210.00,1,0,'2025-02-05 10:28:04','2025-02-11 10:28:04',50.0,11),(32,1,'6946430062',7,'2026-02-12','2026-03-25','SP-027','SK-025',NULL,'SJ-017',NULL,'PF-025','INV/DP-019',NULL,0.00,11.00,141405771.00,141405771.00,156960405.81,1,0,'2026-02-12 02:35:47','2026-02-12 02:35:47',50.0,25),(33,1,'1059070037',10,'2025-09-25','2025-10-19','SP-028','SK-026',NULL,'SJ-018','BA-018','PF-026',NULL,NULL,0.00,11.00,6059238.00,6059238.00,6725754.18,1,0,'2025-09-25 05:34:52','2025-10-24 05:34:52',50.0,5),(34,1,'7190341085',17,'2026-02-03','2026-02-26','SP-029','SK-027',NULL,'SJ-019','BA-019','PF-027','INV/DP-020',NULL,0.00,11.00,101225908.00,101225908.00,112360757.88,5,0,'2026-02-03 07:07:52','2026-02-28 07:07:52',50.0,15),(35,1,'1454457275',2,'2025-11-25','2025-12-09','SP-030',NULL,NULL,NULL,NULL,NULL,NULL,NULL,0.00,11.00,56657907.00,56657907.00,62890276.77,1,1,'2025-11-25 02:04:55','2025-12-23 02:04:55',50.0,16),(36,1,'8047906822',9,'2025-12-06','2026-01-05','SP-031','SK-028',NULL,NULL,NULL,'PF-028','INV/DP-021',NULL,0.00,11.00,175680518.00,175680518.00,195005374.98,1,0,'2025-12-06 09:50:20','2026-01-05 09:50:20',50.0,16),(37,1,'0358244053',1,'2026-02-18','2026-03-29','SP-032','SK-029',NULL,'SJ-020',NULL,'PF-029',NULL,'INV/LUNAS-011',0.00,11.00,172289957.00,172289957.00,191241852.27,5,0,'2026-02-18 03:48:22','2026-03-06 03:48:22',50.0,29),(38,1,'2631471194',10,'2026-04-08','2026-04-26','SP-033','SK-030',NULL,NULL,NULL,'PF-030','INV/DP-022',NULL,0.00,11.00,253544603.00,253544603.00,281434509.33,5,0,'2026-04-08 05:27:26','2026-05-06 05:27:26',50.0,20),(39,2,'3623681219',14,'2025-09-23','2025-11-10',NULL,NULL,NULL,NULL,NULL,NULL,NULL,NULL,10.00,0.00,347768896.00,312992006.40,312992006.40,3,0,'2025-09-23 02:11:59','2025-10-11 02:11:59',50.0,8),(40,1,'8282115542',3,'2026-01-23','2026-03-14',NULL,NULL,NULL,NULL,NULL,NULL,NULL,NULL,0.00,11.00,272075938.00,272075938.00,302004291.18,1,0,'2026-01-23 07:28:42','2026-02-14 07:28:42',50.0,3),(41,1,'8675804348',18,'2025-05-26','2025-06-10','SP-034','SK-031',NULL,'SJ-021',NULL,'PF-031','INV/DP-023','INV/LUNAS-012',0.00,11.00,289108510.00,289108510.00,320910446.10,3,0,'2025-05-26 02:13:35','2025-06-25 02:13:35',50.0,29),(42,2,'5082271751',19,'2026-04-03','2026-05-09','SP-035','SK-032',NULL,NULL,NULL,'PF-032','INV/DP-024','INV/LUNAS-013',0.00,0.00,403353699.00,403353699.00,403353699.00,3,0,'2026-04-03 03:09:21','2026-04-26 03:09:21',50.0,5),(43,1,'4852254327',17,'2025-01-14','2025-02-26','SP-036',NULL,NULL,NULL,NULL,NULL,NULL,NULL,0.00,11.00,227469053.00,227469053.00,252490648.83,5,1,'2025-01-14 02:50:09','2025-01-16 02:50:09',50.0,15),(44,2,'0250072424',19,'2025-11-17','2025-12-22','SP-037','SK-033',NULL,'SJ-022',NULL,'PF-033','INV/DP-025','INV/LUNAS-014',7.00,0.00,139376700.00,129620331.00,129620331.00,1,0,'2025-11-17 08:55:36','2025-12-08 08:55:36',50.0,17),(45,1,'7872133514',8,'2025-08-06','2025-10-03','SP-038','SK-034',NULL,'SJ-023','BA-020','PF-034',NULL,NULL,0.00,11.00,185574683.00,185574683.00,205987898.13,3,0,'2025-08-06 07:39:18','2025-08-07 07:39:18',50.0,13),(46,1,'9165822203',3,'2025-11-03','2025-12-21','SP-039','SK-035',NULL,NULL,'BA-021','PF-035','INV/DP-026','INV/LUNAS-015',0.00,11.00,58277693.00,58277693.00,64688239.23,1,0,'2025-11-03 09:37:39','2025-11-27 09:37:39',50.0,16),(47,2,'0821755560',20,'2025-02-22','2025-04-01','SP-040',NULL,NULL,NULL,NULL,NULL,NULL,NULL,0.00,0.00,516750712.00,516750712.00,516750712.00,1,1,'2025-02-22 03:33:00','2025-03-20 03:33:00',50.0,26),(48,1,'6047192431',10,'2025-09-08','2025-09-28','SP-041','SK-036',NULL,NULL,NULL,'PF-036','INV/DP-027',NULL,0.00,11.00,214729834.00,214729834.00,238350115.74,3,0,'2025-09-08 06:46:49','2025-09-18 06:46:49',50.0,17),(49,1,'8156107654',5,'2025-04-20','2025-06-08','SP-042','SK-037',NULL,'SJ-024',NULL,'PF-037','INV/DP-028',NULL,0.00,11.00,288069326.00,288069326.00,319756951.86,3,0,'2025-04-20 09:17:30','2025-05-13 09:17:30',50.0,6),(50,1,'0110531065',6,'2025-06-21','2025-08-07','SP-043',NULL,NULL,NULL,NULL,NULL,NULL,NULL,0.00,11.00,112804302.00,112804302.00,125212775.22,3,1,'2025-06-21 07:06:42','2025-07-01 07:06:42',50.0,11),(51,1,'2690091592',5,'2025-09-28','2025-10-25','SP-044',NULL,NULL,NULL,NULL,NULL,NULL,NULL,8.00,11.00,253889949.00,233578753.08,259272415.92,1,1,'2025-09-28 03:00:04','2025-10-25 03:00:04',50.0,21),(52,1,'2116829123',8,'2025-02-23','2025-03-22',NULL,NULL,NULL,NULL,NULL,NULL,NULL,NULL,0.00,11.00,225601996.00,225601996.00,250418215.56,2,0,'2025-02-23 01:24:45','2025-03-16 01:24:45',50.0,25),(53,1,'6729756328',11,'2025-11-10','2025-12-02','SP-045','SK-038',NULL,'SJ-025','BA-022','PF-038','INV/DP-029',NULL,0.00,11.00,271560228.00,271560228.00,301431853.08,2,0,'2025-11-10 03:22:05','2025-11-13 03:22:05',50.0,4),(54,1,'1540627349',9,'2025-06-04','2025-07-16','SP-046','SK-039',NULL,'SJ-026','BA-023','PF-039','INV/DP-030','INV/LUNAS-016',0.00,11.00,198628864.00,198628864.00,220478039.04,1,0,'2025-06-04 01:15:25','2025-06-08 01:15:25',50.0,11),(55,1,'1116255424',8,'2025-09-16','2025-10-10','SP-047','SK-040',NULL,NULL,'BA-024','PF-040',NULL,'INV/LUNAS-017',0.00,11.00,558288095.00,558288095.00,619699785.45,2,0,'2025-09-16 03:02:38','2025-10-16 03:02:38',50.0,24),(56,1,'5491525885',10,'2025-01-29','2025-03-06','SP-048','SK-041',NULL,NULL,NULL,'PF-041',NULL,NULL,0.00,11.00,368841501.00,368841501.00,409414066.11,1,0,'2025-01-29 03:49:15','2025-02-07 03:49:15',50.0,3),(57,1,'1785822532',2,'2026-03-04','2026-04-21','SP-049','SK-042',NULL,NULL,'BA-025','PF-042','INV/DP-031','INV/LUNAS-018',0.00,11.00,170249335.00,170249335.00,188976761.85,2,0,'2026-03-04 06:19:17','2026-03-24 06:19:17',50.0,10),(58,1,'9693455827',11,'2026-05-07','2026-06-24','SP-050','SK-043',NULL,NULL,'BA-026','PF-043','INV/DP-032','INV/LUNAS-019',0.00,11.00,376837945.00,376837945.00,418290118.95,2,0,'2026-05-07 01:17:38','2026-06-04 01:17:38',50.0,18),(59,1,'4185665275',1,'2025-05-13','2025-07-02','SP-051','SK-044',NULL,'SJ-027',NULL,'PF-044',NULL,'INV/LUNAS-020',0.00,11.00,398329142.00,398329142.00,442145347.62,3,0,'2025-05-13 09:16:38','2025-05-22 09:16:38',50.0,6),(60,1,'3916178198',1,'2026-01-27','2026-03-18',NULL,NULL,NULL,NULL,NULL,NULL,NULL,NULL,0.00,11.00,289378813.00,289378813.00,321210482.43,5,0,'2026-01-27 02:47:15','2026-02-18 02:47:15',50.0,8),(61,2,'8710120785',13,'2026-04-09','2026-06-06','SP-052','SK-045',NULL,'SJ-028','BA-027','PF-045','INV/DP-033','INV/LUNAS-021',0.00,0.00,145191569.00,145191569.00,145191569.00,2,0,'2026-04-09 03:49:17','2026-04-21 03:49:17',50.0,23),(62,1,'3794833289',3,'2025-05-16','2025-06-11','SP-053','SK-046',NULL,NULL,NULL,'PF-046','INV/DP-034','INV/LUNAS-022',0.00,11.00,322825809.00,322825809.00,358336647.99,1,0,'2025-05-16 07:12:14','2025-05-22 07:12:14',50.0,10),(63,1,'3558206869',2,'2025-01-08','2025-02-17',NULL,NULL,NULL,NULL,NULL,NULL,NULL,NULL,0.00,11.00,53475939.00,53475939.00,59358292.29,5,0,'2025-01-08 07:55:48','2025-01-29 07:55:48',50.0,20),(64,1,'0565110731',11,'2025-08-14','2025-09-01',NULL,NULL,NULL,NULL,NULL,NULL,NULL,NULL,0.00,11.00,45040112.00,45040112.00,49994524.32,2,0,'2025-08-14 02:29:16','2025-08-16 02:29:16',50.0,18),(65,1,'0145450845',1,'2025-10-28','2025-11-30','SP-054',NULL,NULL,NULL,NULL,NULL,NULL,NULL,15.00,11.00,20565184.00,17480406.40,19403251.10,3,1,'2025-10-28 07:40:05','2025-11-21 07:40:05',50.0,6),(66,1,'7099696086',18,'2025-05-09','2025-06-12','SP-055','SK-047',NULL,'SJ-029','BA-028','PF-047',NULL,NULL,1.00,11.00,314025890.00,310885631.10,345083050.52,3,0,'2025-05-09 06:34:53','2025-06-05 06:34:53',50.0,14),(67,1,'7431161356',17,'2026-02-23','2026-04-05','SP-056','SK-048',NULL,NULL,'BA-029','PF-048',NULL,NULL,4.00,11.00,322836467.00,309923008.32,344014539.24,3,0,'2026-02-23 05:35:00','2026-03-14 05:35:00',50.0,26),(68,1,'8404470303',8,'2025-09-28','2025-11-11','SP-057','SK-049',NULL,'SJ-030',NULL,'PF-049','INV/DP-035','INV/LUNAS-023',0.00,11.00,46060673.00,46060673.00,51127347.03,3,0,'2025-09-28 05:47:50','2025-10-17 05:47:50',50.0,23),(69,1,'0769738130',11,'2026-01-11','2026-02-28','SP-058','SK-050',NULL,'SJ-031','BA-030','PF-050','INV/DP-036','INV/LUNAS-024',19.00,11.00,122284948.00,99050807.88,109946396.75,1,0,'2026-01-11 01:45:38','2026-01-20 01:45:38',50.0,26),(70,2,'1127890467',19,'2025-01-27','2025-03-14','SP-059','SK-051',NULL,'SJ-032',NULL,'PF-051','INV/DP-037','INV/LUNAS-025',0.00,0.00,230085675.00,230085675.00,230085675.00,3,0,'2025-01-27 06:48:01','2025-02-03 06:48:01',50.0,19),(71,1,'5252006247',16,'2025-12-05','2025-12-27','SP-060','SK-052',NULL,NULL,NULL,'PF-052',NULL,'INV/LUNAS-026',5.00,11.00,479471016.00,455497465.20,505602186.37,3,0,'2025-12-05 10:48:42','2025-12-18 10:48:42',50.0,10),(72,1,'6969178299',10,'2025-09-26','2025-10-16','SP-061','SK-053',NULL,'SJ-033','BA-031','PF-053','INV/DP-038',NULL,0.00,11.00,351830035.00,351830035.00,390531338.85,2,0,'2025-09-26 08:31:49','2025-10-19 08:31:49',50.0,26),(73,1,'6634817406',5,'2026-05-20','2026-06-04','SP-062','SK-054',NULL,NULL,'BA-032','PF-054','INV/DP-039',NULL,5.00,11.00,460390585.00,437371055.75,485481871.88,2,0,'2026-05-20 09:47:46','2026-06-11 09:47:46',50.0,21),(74,1,'8098498268',7,'2025-01-21','2025-03-10','SP-063','SK-055',NULL,'SJ-034',NULL,'PF-055','INV/DP-040',NULL,0.00,11.00,390043029.00,390043029.00,432947762.19,1,0,'2025-01-21 02:35:02','2025-02-10 02:35:02',50.0,21),(75,1,'8908362740',16,'2025-05-15','2025-07-14',NULL,NULL,NULL,NULL,NULL,NULL,NULL,NULL,0.00,11.00,327205812.00,327205812.00,363198451.32,2,0,'2025-05-15 08:14:48','2025-05-19 08:14:48',50.0,21),(76,2,'2524162653',13,'2025-01-28','2025-03-18','SP-064','SK-056',NULL,'SJ-035',NULL,'PF-056','INV/DP-041','INV/LUNAS-027',5.00,0.00,173750634.00,165063102.30,165063102.30,2,0,'2025-01-28 01:42:51','2025-01-31 01:42:51',50.0,7),(77,1,'4199028081',4,'2025-02-22','2025-03-11','SP-065','SK-057',NULL,NULL,'BA-033','PF-057',NULL,'INV/LUNAS-028',3.00,11.00,115613697.00,112145286.09,124481267.56,3,0,'2025-02-22 03:08:53','2025-03-06 03:08:53',50.0,17),(78,1,'9318488285',10,'2026-04-01','2026-04-28',NULL,NULL,NULL,NULL,NULL,NULL,NULL,NULL,0.00,11.00,340667710.00,340667710.00,378141158.10,5,0,'2026-04-01 09:04:49','2026-04-07 09:04:49',50.0,29),(79,1,'7049992746',2,'2025-06-16','2025-08-03','SP-066','SK-058',NULL,'SJ-036',NULL,'PF-058','INV/DP-042',NULL,0.00,11.00,31436568.00,31436568.00,34894590.48,1,0,'2025-06-16 09:35:31','2025-06-24 09:35:31',50.0,3),(80,1,'9816978082',4,'2025-12-28','2026-01-15','SP-067','SK-059',NULL,NULL,'BA-034','PF-059','INV/DP-043',NULL,8.00,11.00,428695294.00,394399670.48,437783634.23,3,0,'2025-12-28 07:00:01','2026-01-22 07:00:01',50.0,15),(81,1,'0592036580',5,'2025-05-07','2025-06-24','SP-068','SK-060',NULL,'SJ-037','BA-035','PF-060','INV/DP-044',NULL,0.00,11.00,248736713.00,248736713.00,276097751.43,3,0,'2025-05-07 04:06:34','2025-05-07 04:06:34',50.0,11),(82,1,'0422222434',17,'2025-02-11','2025-03-07',NULL,NULL,NULL,NULL,NULL,NULL,NULL,NULL,0.00,11.00,312319335.00,312319335.00,346674461.85,1,0,'2025-02-11 10:57:56','2025-03-11 10:57:56',50.0,23),(83,1,'6925024330',4,'2025-10-21','2025-11-21',NULL,NULL,NULL,NULL,NULL,NULL,NULL,NULL,0.00,11.00,114415210.00,114415210.00,127000883.10,2,0,'2025-10-21 05:36:57','2025-11-04 05:36:57',50.0,24),(84,1,'6076971091',17,'2025-04-16','2025-06-02',NULL,NULL,NULL,NULL,NULL,NULL,NULL,NULL,3.00,11.00,23549658.00,22843168.26,25355916.77,1,0,'2025-04-16 07:05:23','2025-05-06 07:05:23',50.0,5),(85,1,'6551943534',2,'2025-12-05','2025-12-26',NULL,NULL,NULL,NULL,NULL,NULL,NULL,NULL,4.00,11.00,416353835.00,399699681.60,443666646.58,2,0,'2025-12-05 01:29:30','2025-12-27 01:29:30',50.0,10),(86,1,'9669432214',17,'2025-06-29','2025-08-28',NULL,NULL,NULL,NULL,NULL,NULL,NULL,NULL,0.00,11.00,240072369.00,240072369.00,266480329.59,5,0,'2025-06-29 05:35:07','2025-07-04 05:35:07',50.0,7),(87,2,'1110394689',14,'2025-01-20','2025-03-17','SP-069','SK-061',NULL,'SJ-038',NULL,'PF-061','INV/DP-045','INV/LUNAS-029',15.00,0.00,87980313.00,74783266.05,74783266.05,5,0,'2025-01-20 05:30:56','2025-02-04 05:30:56',50.0,24),(88,1,'4057550680',3,'2026-03-31','2026-05-01','SP-070',NULL,NULL,NULL,NULL,NULL,NULL,NULL,2.00,11.00,229673504.00,225080033.92,249838837.65,1,1,'2026-03-31 04:40:26','2026-04-16 04:40:26',50.0,5),(89,1,'3230319730',7,'2025-01-25','2025-03-13',NULL,NULL,NULL,NULL,NULL,NULL,NULL,NULL,0.00,11.00,55247472.00,55247472.00,61324693.92,1,0,'2025-01-25 07:53:38','2025-02-02 07:53:38',50.0,14),(90,1,'9024418558',9,'2025-10-02','2025-10-21','SP-071','SK-062',NULL,NULL,NULL,'PF-062','INV/DP-046',NULL,0.00,11.00,30586105.00,30586105.00,33950576.55,5,0,'2025-10-02 01:06:49','2025-10-16 01:06:49',50.0,6),(91,1,'6416533215',1,'2025-01-09','2025-01-28','SP-072','SK-063',NULL,'SJ-039',NULL,'PF-063','INV/DP-047',NULL,15.00,11.00,255821196.00,217448016.60,241367298.43,2,0,'2025-01-09 05:38:32','2025-01-26 05:38:32',50.0,30),(92,1,'7247101183',8,'2026-05-15','2026-07-13','SP-073',NULL,NULL,NULL,NULL,NULL,NULL,NULL,2.00,11.00,58814253.00,57637967.94,63978144.41,3,1,'2026-05-15 01:40:05','2026-05-16 01:40:05',50.0,20),(93,1,'5723404312',10,'2025-04-27','2025-05-24',NULL,NULL,NULL,NULL,NULL,NULL,NULL,NULL,0.00,11.00,169950451.00,169950451.00,188645000.61,1,0,'2025-04-27 08:42:44','2025-05-19 08:42:44',50.0,22),(94,1,'3776264248',18,'2025-08-23','2025-10-15','SP-074','SK-064',NULL,NULL,NULL,'PF-064','INV/DP-048','INV/LUNAS-030',0.00,11.00,51820843.00,51820843.00,57521135.73,2,0,'2025-08-23 01:25:42','2025-09-02 01:25:42',50.0,29),(95,1,'2145943478',5,'2025-11-17','2025-12-22','SP-075','SK-065',NULL,NULL,'BA-036','PF-065',NULL,'INV/LUNAS-031',0.00,11.00,28036250.00,28036250.00,31120237.50,5,0,'2025-11-17 05:18:44','2025-11-27 05:18:44',50.0,12),(96,1,'9113121950',9,'2026-02-10','2026-03-14','SP-076','SK-066',NULL,'SJ-040',NULL,'PF-066','INV/DP-049','INV/LUNAS-032',0.00,11.00,45290869.00,45290869.00,50272864.59,5,0,'2026-02-10 05:26:24','2026-02-18 05:26:24',50.0,4),(97,2,'2879048292',15,'2025-10-07','2025-11-19','SP-077','SK-067',NULL,'SJ-041',NULL,'PF-067','INV/DP-050',NULL,0.00,0.00,241238902.00,241238902.00,241238902.00,3,0,'2025-10-07 09:38:13','2025-11-06 09:38:13',50.0,27),(98,1,'1188094498',16,'2025-10-21','2025-11-05','SP-078','SK-068',NULL,'SJ-042',NULL,'PF-068','INV/DP-051','INV/LUNAS-033',0.00,11.00,71132707.00,71132707.00,78957304.77,2,0,'2025-10-21 05:03:11','2025-11-13 05:03:11',50.0,20),(99,1,'0224771745',2,'2026-02-13','2026-03-26','SP-079','SK-069',NULL,'SJ-043',NULL,'PF-069',NULL,NULL,21.00,11.00,90623127.00,71592270.33,79467420.07,3,0,'2026-02-13 04:50:12','2026-03-15 04:50:12',50.0,11),(100,2,'2187346064',15,'2025-01-05','2025-02-23','SP-080','SK-070',NULL,'SJ-044',NULL,'PF-070',NULL,NULL,0.00,0.00,529747207.00,529747207.00,529747207.00,5,0,'2025-01-05 07:07:30','2025-01-11 07:07:30',50.0,16);
/*!40000 ALTER TABLE `proyek` ENABLE KEYS */;
UNLOCK TABLES;

--
-- Table structure for table `proyek_item`
--

DROP TABLE IF EXISTS `proyek_item`;
/*!40101 SET @saved_cs_client     = @@character_set_client */;
/*!50503 SET character_set_client = utf8mb4 */;
CREATE TABLE `proyek_item` (
  `id` int NOT NULL AUTO_INCREMENT,
  `proyek_id` int NOT NULL,
  `no_urut` int NOT NULL,
  `barang_id` int DEFAULT NULL,
  `kategori` varchar(20) DEFAULT 'barang',
  `keterangan` text,
  `harga` decimal(15,2) NOT NULL,
  `qty` decimal(10,2) NOT NULL,
  `satuan` varchar(20) DEFAULT '',
  `jumlah` decimal(15,2) GENERATED ALWAYS AS ((`harga` * `qty`)) STORED,
  PRIMARY KEY (`id`)
) ENGINE=InnoDB AUTO_INCREMENT=326 DEFAULT CHARSET=utf8mb4 COLLATE=utf8mb4_0900_ai_ci;
/*!40101 SET character_set_client = @saved_cs_client */;

--
-- Dumping data for table `proyek_item`
--

LOCK TABLES `proyek_item` WRITE;
/*!40000 ALTER TABLE `proyek_item` DISABLE KEYS */;
INSERT INTO `proyek_item` (`id`, `proyek_id`, `no_urut`, `barang_id`, `kategori`, `keterangan`, `harga`, `qty`, `satuan`) VALUES (1,1,1,9,'barang','Item ke-1',21141063.00,10.00,''),(2,1,2,4,'barang','Item ke-2',14015720.00,3.00,''),(3,1,3,8,'barang','Item ke-3',16053094.00,8.00,''),(4,1,4,2,'barang','Item ke-4',22527902.00,8.00,''),(5,2,1,8,'barang','Item ke-1',9973705.00,9.00,''),(6,2,2,29,'pekerjaan','Item ke-2',4877775.00,1.00,''),(7,2,3,3,'barang','Item ke-3',27319707.00,2.00,''),(8,2,4,15,'barang','Item ke-4',2153980.00,5.00,''),(9,3,1,12,'barang','Item ke-1',22072764.00,7.00,''),(10,3,2,14,'barang','Item ke-2',8765499.00,9.00,''),(11,4,1,12,'barang','Item ke-1',6519434.00,5.00,''),(12,4,2,26,'pekerjaan','Item ke-2',4561690.00,1.00,''),(13,4,3,8,'barang','Item ke-3',10124508.00,9.00,''),(14,4,4,25,'pekerjaan','Item ke-4',3340025.00,1.00,''),(15,4,5,14,'barang','Item ke-5',23331757.00,6.00,''),(16,5,1,9,'barang','Item ke-1',26977095.00,8.00,''),(17,5,2,28,'pekerjaan','Item ke-2',2845243.00,1.00,''),(18,6,1,16,'barang','Item ke-1',25886441.00,9.00,''),(19,6,2,25,'pekerjaan','Item ke-2',512079.00,1.00,''),(20,7,1,6,'barang','Item ke-1',5004232.00,4.00,''),(21,7,2,2,'barang','Item ke-2',5223380.00,4.00,''),(22,7,3,25,'pekerjaan','Item ke-3',1521435.00,1.00,''),(23,8,1,19,'barang','Item ke-1',21716377.00,9.00,''),(24,8,2,26,'pekerjaan','Item ke-2',4425080.00,1.00,''),(25,8,3,25,'pekerjaan','Item ke-3',2366329.00,1.00,''),(26,9,1,5,'barang','Item ke-1',6932127.00,7.00,''),(27,10,1,16,'barang','Item ke-1',18062748.00,4.00,''),(28,10,2,1,'barang','Item ke-2',26523339.00,4.00,''),(29,10,3,8,'barang','Item ke-3',27627019.00,1.00,''),(30,10,4,8,'barang','Item ke-4',16560579.00,1.00,''),(31,10,5,29,'pekerjaan','Item ke-5',1432541.00,1.00,''),(32,11,1,2,'barang','Item ke-1',27231060.00,4.00,''),(33,11,2,7,'barang','Item ke-2',13910362.00,8.00,''),(34,11,3,17,'barang','Item ke-3',8640136.00,7.00,''),(35,11,4,6,'barang','Item ke-4',22819569.00,3.00,''),(36,12,1,2,'barang','Item ke-1',15590322.00,10.00,''),(37,12,2,28,'pekerjaan','Item ke-2',4752145.00,1.00,''),(38,13,1,16,'barang','Item ke-1',8906235.00,10.00,''),(39,13,2,9,'barang','Item ke-2',10387637.00,1.00,''),(40,14,1,20,'barang','Item ke-1',23811940.00,10.00,''),(41,15,1,19,'barang','Item ke-1',22200136.00,3.00,''),(42,15,2,8,'barang','Item ke-2',27203060.00,7.00,''),(43,15,3,15,'barang','Item ke-3',9998866.00,6.00,''),(44,15,4,14,'barang','Item ke-4',26365960.00,3.00,''),(45,16,1,20,'barang','Item ke-1',27956268.00,1.00,''),(46,16,2,24,'barang','Item ke-2',28127286.00,2.00,''),(47,17,1,22,'barang','Item ke-1',22061114.00,6.00,''),(48,17,2,21,'barang','Item ke-2',19466885.00,1.00,''),(49,17,3,21,'barang','Item ke-3',26313032.00,7.00,''),(50,17,4,22,'barang','Item ke-4',14068328.00,6.00,''),(51,17,5,23,'barang','Item ke-5',21891801.00,4.00,''),(52,18,1,3,'barang','Item ke-1',3852062.00,7.00,''),(53,18,2,6,'barang','Item ke-2',16840591.00,3.00,''),(54,19,1,17,'barang','Item ke-1',11740525.00,10.00,''),(55,20,1,24,'barang','Item ke-1',6737163.00,10.00,''),(56,20,2,21,'barang','Item ke-2',9568998.00,8.00,''),(57,21,1,16,'barang','Item ke-1',15555843.00,7.00,''),(58,22,1,3,'barang','Item ke-1',22038316.00,3.00,''),(59,22,2,9,'barang','Item ke-2',2297271.00,8.00,''),(60,22,3,8,'barang','Item ke-3',15300411.00,2.00,''),(61,22,4,29,'pekerjaan','Item ke-4',4037148.00,1.00,''),(62,23,1,1,'barang','Item ke-1',23881446.00,1.00,''),(63,23,2,27,'pekerjaan','Item ke-2',3836480.00,1.00,''),(64,23,3,29,'pekerjaan','Item ke-3',3419594.00,1.00,''),(65,23,4,25,'pekerjaan','Item ke-4',1042103.00,1.00,''),(66,23,5,27,'pekerjaan','Item ke-5',3919198.00,1.00,''),(67,24,1,2,'barang','Item ke-1',28637230.00,3.00,''),(68,24,2,15,'barang','Item ke-2',3485684.00,6.00,''),(69,24,3,25,'pekerjaan','Item ke-3',2569711.00,1.00,''),(70,24,4,4,'barang','Item ke-4',21094849.00,6.00,''),(71,24,5,26,'pekerjaan','Item ke-5',2288716.00,1.00,''),(72,25,1,7,'barang','Item ke-1',29529985.00,8.00,''),(73,25,2,26,'pekerjaan','Item ke-2',2231171.00,1.00,''),(74,25,3,13,'barang','Item ke-3',19966047.00,9.00,''),(75,25,4,13,'barang','Item ke-4',13532144.00,7.00,''),(76,26,1,22,'barang','Item ke-1',855566.00,10.00,''),(77,26,2,20,'barang','Item ke-2',17333297.00,7.00,''),(78,26,3,20,'barang','Item ke-3',7829701.00,9.00,''),(79,26,4,24,'barang','Item ke-4',26926456.00,1.00,''),(80,27,1,21,'barang','Item ke-1',17269251.00,7.00,''),(81,27,2,21,'barang','Item ke-2',22389621.00,2.00,''),(82,27,3,23,'barang','Item ke-3',13127555.00,1.00,''),(83,27,4,20,'barang','Item ke-4',29751481.00,6.00,''),(84,27,5,20,'barang','Item ke-5',24019339.00,3.00,''),(85,28,1,17,'barang','Item ke-1',13939119.00,9.00,''),(86,28,2,25,'pekerjaan','Item ke-2',876727.00,1.00,''),(87,28,3,16,'barang','Item ke-3',379683.00,6.00,''),(88,28,4,19,'barang','Item ke-4',23695942.00,4.00,''),(89,29,1,22,'barang','Item ke-1',13994650.00,3.00,''),(90,30,1,18,'barang','Item ke-1',8882122.00,9.00,''),(91,31,1,4,'barang','Item ke-1',17214287.00,3.00,''),(92,31,2,29,'pekerjaan','Item ke-2',2078315.00,1.00,''),(93,31,3,25,'pekerjaan','Item ke-3',3989824.00,1.00,''),(94,32,1,2,'barang','Item ke-1',9667000.00,7.00,''),(95,32,2,10,'barang','Item ke-2',9891334.00,3.00,''),(96,32,3,29,'pekerjaan','Item ke-3',4789195.00,1.00,''),(97,32,4,9,'barang','Item ke-4',1905239.00,10.00,''),(98,32,5,15,'barang','Item ke-5',2527648.00,8.00,''),(99,33,1,19,'barang','Item ke-1',760024.00,2.00,''),(100,33,2,29,'pekerjaan','Item ke-2',4539190.00,1.00,''),(101,34,1,4,'barang','Item ke-1',25306477.00,4.00,''),(102,35,1,14,'barang','Item ke-1',13178626.00,4.00,''),(103,35,2,28,'pekerjaan','Item ke-2',3269212.00,1.00,''),(104,35,3,25,'pekerjaan','Item ke-3',674191.00,1.00,''),(105,36,1,12,'barang','Item ke-1',15499697.00,7.00,''),(106,36,2,6,'barang','Item ke-2',10802159.00,6.00,''),(107,36,3,28,'pekerjaan','Item ke-3',2369685.00,1.00,''),(108,37,1,15,'barang','Item ke-1',24023173.00,7.00,''),(109,37,2,28,'pekerjaan','Item ke-2',4127746.00,1.00,''),(110,38,1,18,'barang','Item ke-1',9164480.00,4.00,''),(111,38,2,11,'barang','Item ke-2',21489448.00,10.00,''),(112,38,3,26,'pekerjaan','Item ke-3',1992203.00,1.00,''),(113,39,1,23,'barang','Item ke-1',26729072.00,6.00,''),(114,39,2,22,'barang','Item ke-2',18303489.00,5.00,''),(115,39,3,20,'barang','Item ke-3',14161972.00,2.00,''),(116,39,4,21,'barang','Item ke-4',10850693.00,4.00,''),(117,39,5,20,'barang','Item ke-5',8050101.00,3.00,''),(118,40,1,18,'barang','Item ke-1',2232941.00,1.00,''),(119,40,2,11,'barang','Item ke-2',28566745.00,1.00,''),(120,40,3,2,'barang','Item ke-3',11681793.00,4.00,''),(121,40,4,8,'barang','Item ke-4',19454908.00,10.00,''),(122,41,1,11,'barang','Item ke-1',15279999.00,2.00,''),(123,41,2,12,'barang','Item ke-2',172364.00,2.00,''),(124,41,3,5,'barang','Item ke-3',17249425.00,7.00,''),(125,41,4,27,'pekerjaan','Item ke-4',2658401.00,1.00,''),(126,41,5,3,'barang','Item ke-5',16849926.00,8.00,''),(127,42,1,22,'barang','Item ke-1',9843655.00,4.00,''),(128,42,2,23,'barang','Item ke-2',17053309.00,8.00,''),(129,42,3,22,'barang','Item ke-3',25283623.00,9.00,''),(130,43,1,11,'barang','Item ke-1',14445823.00,3.00,''),(131,43,2,14,'barang','Item ke-2',14999501.00,9.00,''),(132,43,3,11,'barang','Item ke-3',9827215.00,5.00,''),(133,44,1,21,'barang','Item ke-1',15486300.00,9.00,''),(134,45,1,14,'barang','Item ke-1',26510669.00,7.00,''),(135,46,1,9,'barang','Item ke-1',6240915.00,9.00,''),(136,46,2,26,'pekerjaan','Item ke-2',2109458.00,1.00,''),(137,47,1,21,'barang','Item ke-1',29742754.00,8.00,''),(138,47,2,20,'barang','Item ke-2',27031267.00,3.00,''),(139,47,3,20,'barang','Item ke-3',25964231.00,5.00,''),(140,47,4,22,'barang','Item ke-4',25419894.00,2.00,''),(141,47,5,23,'barang','Item ke-5',4263484.00,4.00,''),(142,48,1,5,'barang','Item ke-1',6751836.00,2.00,''),(143,48,2,17,'barang','Item ke-2',3929146.00,7.00,''),(144,48,3,16,'barang','Item ke-3',17372214.00,10.00,''),(145,49,1,10,'barang','Item ke-1',29842196.00,6.00,''),(146,49,2,15,'barang','Item ke-2',3408288.00,7.00,''),(147,49,3,7,'barang','Item ke-3',11610447.00,7.00,''),(148,49,4,26,'pekerjaan','Item ke-4',1068724.00,1.00,''),(149,49,5,26,'pekerjaan','Item ke-5',2816281.00,1.00,''),(150,50,1,6,'barang','Item ke-1',7160314.00,5.00,''),(151,50,2,4,'barang','Item ke-2',1848017.00,8.00,''),(152,50,3,7,'barang','Item ke-3',15038181.00,4.00,''),(153,50,4,28,'pekerjaan','Item ke-4',1277638.00,1.00,''),(154,50,5,5,'barang','Item ke-5',788234.00,1.00,''),(155,51,1,7,'barang','Item ke-1',3769400.00,6.00,''),(156,51,2,15,'barang','Item ke-2',432455.00,7.00,''),(157,51,3,16,'barang','Item ke-3',13754033.00,6.00,''),(158,51,4,8,'barang','Item ke-4',29884653.00,3.00,''),(159,51,5,19,'barang','Item ke-5',13739097.00,4.00,''),(160,51,6,29,'pekerjaan','Item ke-6',1111819.00,1.00,''),(161,52,1,6,'barang','Item ke-1',10836648.00,9.00,''),(162,52,2,6,'barang','Item ke-2',10781800.00,6.00,''),(163,52,3,16,'barang','Item ke-3',18741238.00,2.00,''),(164,52,4,9,'barang','Item ke-4',9657424.00,2.00,''),(165,52,5,6,'barang','Item ke-5',3292020.00,2.00,''),(166,53,1,10,'barang','Item ke-1',25538629.00,5.00,''),(167,53,2,26,'pekerjaan','Item ke-2',2656446.00,1.00,''),(168,53,3,11,'barang','Item ke-3',14932194.00,9.00,''),(169,53,4,6,'barang','Item ke-4',974413.00,7.00,''),(170,54,1,18,'barang','Item ke-1',28226460.00,7.00,''),(171,54,2,25,'pekerjaan','Item ke-2',1043644.00,1.00,''),(172,55,1,1,'barang','Item ke-1',23538563.00,9.00,''),(173,55,2,10,'barang','Item ke-2',4847830.00,10.00,''),(174,55,3,10,'barang','Item ke-3',26600754.00,7.00,''),(175,55,4,6,'barang','Item ke-4',22351490.00,5.00,''),(176,56,1,10,'barang','Item ke-1',16957620.00,5.00,''),(177,56,2,11,'barang','Item ke-2',11100047.00,9.00,''),(178,56,3,29,'pekerjaan','Item ke-3',1978384.00,1.00,''),(179,56,4,10,'barang','Item ke-4',17923665.00,10.00,''),(180,56,5,29,'pekerjaan','Item ke-5',2937944.00,1.00,''),(181,57,1,19,'barang','Item ke-1',13564901.00,2.00,''),(182,57,2,26,'pekerjaan','Item ke-2',2595664.00,1.00,''),(183,57,3,15,'barang','Item ke-3',13783790.00,10.00,''),(184,57,4,27,'pekerjaan','Item ke-4',2685969.00,1.00,''),(185,58,1,12,'barang','Item ke-1',28100979.00,6.00,''),(186,58,2,6,'barang','Item ke-2',22142416.00,2.00,''),(187,58,3,19,'barang','Item ke-3',26909780.00,6.00,''),(188,58,4,28,'pekerjaan','Item ke-4',2488559.00,1.00,''),(189,59,1,13,'barang','Item ke-1',28390065.00,9.00,''),(190,59,2,10,'barang','Item ke-2',25176862.00,5.00,''),(191,59,3,2,'barang','Item ke-3',1492392.00,10.00,''),(192,59,4,29,'pekerjaan','Item ke-4',2010327.00,1.00,''),(193,60,1,10,'barang','Item ke-1',26747961.00,8.00,''),(194,60,2,10,'barang','Item ke-2',18956043.00,3.00,''),(195,60,3,4,'barang','Item ke-3',18526996.00,1.00,''),(196,61,1,24,'barang','Item ke-1',12005539.00,8.00,''),(197,61,2,20,'barang','Item ke-2',9858097.00,1.00,''),(198,61,3,24,'barang','Item ke-3',4530044.00,4.00,''),(199,61,4,20,'barang','Item ke-4',7056328.00,3.00,''),(200,62,1,5,'barang','Item ke-1',25048835.00,4.00,''),(201,62,2,29,'pekerjaan','Item ke-2',885126.00,1.00,''),(202,62,3,25,'pekerjaan','Item ke-3',1360004.00,1.00,''),(203,62,4,5,'barang','Item ke-4',19954414.00,10.00,''),(204,62,5,3,'barang','Item ke-5',20841199.00,1.00,''),(205,63,1,4,'barang','Item ke-1',14878458.00,3.00,''),(206,63,2,15,'barang','Item ke-2',643611.00,8.00,''),(207,63,3,25,'pekerjaan','Item ke-3',3691677.00,1.00,''),(208,64,1,17,'barang','Item ke-1',1496196.00,9.00,''),(209,64,2,8,'barang','Item ke-2',15787174.00,2.00,''),(210,65,1,16,'barang','Item ke-1',2570648.00,8.00,''),(211,66,1,10,'barang','Item ke-1',18268256.00,5.00,''),(212,66,2,18,'barang','Item ke-2',22268461.00,10.00,''),(213,67,1,15,'barang','Item ke-1',22043858.00,9.00,''),(214,67,2,18,'barang','Item ke-2',24888349.00,5.00,''),(215,68,1,12,'barang','Item ke-1',18543194.00,2.00,''),(216,68,2,27,'pekerjaan','Item ke-2',558339.00,1.00,''),(217,68,3,25,'pekerjaan','Item ke-3',1675809.00,1.00,''),(218,68,4,29,'pekerjaan','Item ke-4',3797340.00,1.00,''),(219,68,5,25,'pekerjaan','Item ke-5',2942797.00,1.00,''),(220,69,1,16,'barang','Item ke-1',2520641.00,6.00,''),(221,69,2,3,'barang','Item ke-2',13608794.00,2.00,''),(222,69,3,10,'barang','Item ke-3',5631349.00,2.00,''),(223,69,4,3,'barang','Item ke-4',17170204.00,4.00,''),(224,70,1,24,'barang','Item ke-1',27952557.00,1.00,''),(225,70,2,22,'barang','Item ke-2',3885771.00,2.00,''),(226,70,3,20,'barang','Item ke-3',24295197.00,8.00,''),(227,71,1,7,'barang','Item ke-1',12148344.00,10.00,''),(228,71,2,5,'barang','Item ke-2',28454395.00,4.00,''),(229,71,3,11,'barang','Item ke-3',23594663.00,8.00,''),(230,71,4,16,'barang','Item ke-4',6821436.00,8.00,''),(231,71,5,6,'barang','Item ke-5',841204.00,1.00,''),(232,72,1,7,'barang','Item ke-1',11817313.00,1.00,''),(233,72,2,2,'barang','Item ke-2',27169873.00,9.00,''),(234,72,3,11,'barang','Item ke-3',9297461.00,10.00,''),(235,72,4,25,'pekerjaan','Item ke-4',2509255.00,1.00,''),(236,73,1,12,'barang','Item ke-1',29503216.00,6.00,''),(237,73,2,4,'barang','Item ke-2',20360310.00,8.00,''),(238,73,3,17,'barang','Item ke-3',8543740.00,6.00,''),(239,73,4,19,'barang','Item ke-4',5892573.00,9.00,''),(240,73,5,7,'barang','Item ke-5',8096606.00,2.00,''),(241,74,1,8,'barang','Item ke-1',3990695.00,8.00,''),(242,74,2,11,'barang','Item ke-2',14213583.00,8.00,''),(243,74,3,27,'pekerjaan','Item ke-3',4428368.00,1.00,''),(244,74,4,8,'barang','Item ke-4',6291227.00,1.00,''),(245,74,5,15,'barang','Item ke-5',23368921.00,10.00,''),(246,75,1,18,'barang','Item ke-1',6062383.00,6.00,''),(247,75,2,9,'barang','Item ke-2',28113331.00,6.00,''),(248,75,3,2,'barang','Item ke-3',15268941.00,8.00,''),(249,76,1,22,'barang','Item ke-1',1930568.00,6.00,''),(250,76,2,22,'barang','Item ke-2',11303951.00,3.00,''),(251,76,3,24,'barang','Item ke-3',23649990.00,4.00,''),(252,76,4,20,'barang','Item ke-4',11218471.00,3.00,''),(253,77,1,8,'barang','Item ke-1',14071533.00,3.00,''),(254,77,2,7,'barang','Item ke-2',12233183.00,6.00,''),(255,78,1,13,'barang','Item ke-1',27816341.00,2.00,''),(256,78,2,3,'barang','Item ke-2',2971192.00,4.00,''),(257,78,3,11,'barang','Item ke-3',24038031.00,9.00,''),(258,78,4,7,'barang','Item ke-4',13646081.00,1.00,''),(259,78,5,16,'barang','Item ke-5',14387300.00,3.00,''),(260,79,1,16,'barang','Item ke-1',10478856.00,3.00,''),(261,80,1,10,'barang','Item ke-1',15142522.00,8.00,''),(262,80,2,8,'barang','Item ke-2',14065523.00,6.00,''),(263,80,3,12,'barang','Item ke-3',22316198.00,10.00,''),(264,81,1,2,'barang','Item ke-1',27522714.00,9.00,''),(265,81,2,27,'pekerjaan','Item ke-2',1032287.00,1.00,''),(266,82,1,2,'barang','Item ke-1',7172219.00,2.00,''),(267,82,2,3,'barang','Item ke-2',24057006.00,10.00,''),(268,82,3,18,'barang','Item ke-3',2605074.00,8.00,''),(269,82,4,28,'pekerjaan','Item ke-4',1257361.00,1.00,''),(270,82,5,14,'barang','Item ke-5',8826721.00,4.00,''),(271,83,1,12,'barang','Item ke-1',14268028.00,3.00,''),(272,83,2,16,'barang','Item ke-2',5194957.00,3.00,''),(273,83,3,12,'barang','Item ke-3',29856692.00,1.00,''),(274,83,4,12,'barang','Item ke-4',6326381.00,4.00,''),(275,83,5,29,'pekerjaan','Item ke-5',864039.00,1.00,''),(276,84,1,7,'barang','Item ke-1',5182837.00,4.00,''),(277,84,2,27,'pekerjaan','Item ke-2',2818310.00,1.00,''),(278,85,1,11,'barang','Item ke-1',18084058.00,6.00,''),(279,85,2,27,'pekerjaan','Item ke-2',2918772.00,1.00,''),(280,85,3,14,'barang','Item ke-3',28010781.00,10.00,''),(281,85,4,14,'barang','Item ke-4',4964581.00,5.00,''),(282,86,1,12,'barang','Item ke-1',3307893.00,2.00,''),(283,86,2,10,'barang','Item ke-2',28763864.00,6.00,''),(284,86,3,3,'barang','Item ke-3',4942902.00,9.00,''),(285,86,4,3,'barang','Item ke-4',13515631.00,1.00,''),(286,86,5,25,'pekerjaan','Item ke-5',2871650.00,1.00,''),(287,87,1,24,'barang','Item ke-1',6496891.00,3.00,''),(288,87,2,22,'barang','Item ke-2',22829880.00,3.00,''),(289,88,1,6,'barang','Item ke-1',3536745.00,9.00,''),(290,88,2,11,'barang','Item ke-2',3456644.00,7.00,''),(291,88,3,14,'barang','Item ke-3',8770586.00,6.00,''),(292,88,4,15,'barang','Item ke-4',24204555.00,5.00,''),(293,89,1,5,'barang','Item ke-1',11538142.00,3.00,''),(294,89,2,16,'barang','Item ke-2',4253575.00,4.00,''),(295,89,3,25,'pekerjaan','Item ke-3',3618746.00,1.00,''),(296,90,1,19,'barang','Item ke-1',28130149.00,1.00,''),(297,90,2,28,'pekerjaan','Item ke-2',2455956.00,1.00,''),(298,91,1,2,'barang','Item ke-1',26169460.00,9.00,''),(299,91,2,18,'barang','Item ke-2',5074014.00,4.00,''),(300,92,1,1,'barang','Item ke-1',6534917.00,9.00,''),(301,93,1,3,'barang','Item ke-1',8042980.00,8.00,''),(302,93,2,8,'barang','Item ke-2',3286414.00,6.00,''),(303,93,3,12,'barang','Item ke-3',15823974.00,5.00,''),(304,93,4,15,'barang','Item ke-4',1126883.00,3.00,''),(305,93,5,28,'pekerjaan','Item ke-5',3387608.00,1.00,''),(306,94,1,9,'barang','Item ke-1',735949.00,1.00,''),(307,94,2,10,'barang','Item ke-2',2901516.00,9.00,''),(308,94,3,4,'barang','Item ke-3',2544928.00,8.00,''),(309,94,4,25,'pekerjaan','Item ke-4',4611826.00,1.00,''),(310,95,1,6,'barang','Item ke-1',2803625.00,10.00,''),(311,96,1,9,'barang','Item ke-1',6968099.00,1.00,''),(312,96,2,18,'barang','Item ke-2',7664554.00,5.00,''),(313,97,1,23,'barang','Item ke-1',29770880.00,5.00,''),(314,97,2,23,'barang','Item ke-2',13197786.00,7.00,''),(315,98,1,3,'barang','Item ke-1',23518489.00,3.00,''),(316,98,2,26,'pekerjaan','Item ke-2',577240.00,1.00,''),(317,99,1,15,'barang','Item ke-1',10412633.00,2.00,''),(318,99,2,26,'pekerjaan','Item ke-2',2185481.00,1.00,''),(319,99,3,2,'barang','Item ke-3',27468958.00,1.00,''),(320,99,4,8,'barang','Item ke-4',10930643.00,1.00,''),(321,99,5,3,'barang','Item ke-5',9737593.00,3.00,''),(322,100,1,24,'barang','Item ke-1',29247597.00,8.00,''),(323,100,2,20,'barang','Item ke-2',25340239.00,7.00,''),(324,100,3,24,'barang','Item ke-3',6132210.00,6.00,''),(325,100,4,21,'barang','Item ke-4',13598583.00,6.00,'');
/*!40000 ALTER TABLE `proyek_item` ENABLE KEYS */;
UNLOCK TABLES;

--
-- Table structure for table `proyek_tahap_pembayaran`
--

DROP TABLE IF EXISTS `proyek_tahap_pembayaran`;
/*!40101 SET @saved_cs_client     = @@character_set_client */;
/*!50503 SET character_set_client = utf8mb4 */;
CREATE TABLE `proyek_tahap_pembayaran` (
  `id` int NOT NULL AUTO_INCREMENT,
  `proyek_id` int NOT NULL,
  `urutan` int NOT NULL,
  `persentase` decimal(5,1) NOT NULL,
  `deskripsi` varchar(255) NOT NULL,
  PRIMARY KEY (`id`),
  KEY `proyek_id` (`proyek_id`),
  CONSTRAINT `proyek_tahap_pembayaran_ibfk_1` FOREIGN KEY (`proyek_id`) REFERENCES `proyek` (`id`) ON DELETE CASCADE
) ENGINE=InnoDB AUTO_INCREMENT=217 DEFAULT CHARSET=utf8mb4 COLLATE=utf8mb4_0900_ai_ci;
/*!40101 SET character_set_client = @saved_cs_client */;

--
-- Dumping data for table `proyek_tahap_pembayaran`
--

LOCK TABLES `proyek_tahap_pembayaran` WRITE;
/*!40000 ALTER TABLE `proyek_tahap_pembayaran` DISABLE KEYS */;
INSERT INTO `proyek_tahap_pembayaran` VALUES (1,1,1,50.0,'DP'),(2,1,2,50.0,'Pelunasan'),(3,2,1,29.0,'DP'),(4,2,2,37.0,'Progress 73%'),(5,2,3,34.0,'Pelunasan'),(6,3,1,28.0,'DP'),(7,3,2,33.0,'Progress 80%'),(8,3,3,39.0,'Pelunasan'),(9,4,1,37.0,'DP'),(10,4,2,29.0,'Progress 79%'),(11,4,3,34.0,'Pelunasan'),(12,5,1,28.0,'DP'),(13,5,2,38.0,'Progress 86%'),(14,5,3,34.0,'Pelunasan'),(15,6,1,50.0,'DP'),(16,6,2,50.0,'Pelunasan'),(17,7,1,22.0,'DP'),(18,7,2,36.0,'Progress 63%'),(19,7,3,42.0,'Pelunasan'),(20,8,1,50.0,'DP'),(21,8,2,50.0,'Pelunasan'),(22,10,1,29.0,'DP'),(23,10,2,26.0,'Progress 50%'),(24,10,3,45.0,'Pelunasan'),(25,11,1,50.0,'DP'),(26,11,2,50.0,'Pelunasan'),(27,13,1,50.0,'DP'),(28,13,2,50.0,'Pelunasan'),(29,14,1,26.0,'DP'),(30,14,2,27.0,'Progress 55%'),(31,14,3,47.0,'Pelunasan'),(32,15,1,50.0,'DP'),(33,15,2,50.0,'Pelunasan'),(34,16,1,50.0,'DP'),(35,16,2,50.0,'Pelunasan'),(36,17,1,23.0,'DP'),(37,17,2,33.0,'Progress 50%'),(38,17,3,44.0,'Pelunasan'),(39,18,1,50.0,'DP'),(40,18,2,50.0,'Pelunasan'),(41,19,1,29.0,'DP'),(42,19,2,33.0,'Progress 63%'),(43,19,3,38.0,'Pelunasan'),(44,20,1,22.0,'DP'),(45,20,2,37.0,'Progress 81%'),(46,20,3,41.0,'Pelunasan'),(47,21,1,40.0,'DP'),(48,21,2,33.0,'Progress 69%'),(49,21,3,27.0,'Pelunasan'),(50,22,1,32.0,'DP'),(51,22,2,33.0,'Progress 84%'),(52,22,3,35.0,'Pelunasan'),(53,23,1,50.0,'DP'),(54,23,2,50.0,'Pelunasan'),(55,24,1,20.0,'DP'),(56,24,2,24.0,'Progress 70%'),(57,24,3,56.0,'Pelunasan'),(58,25,1,50.0,'DP'),(59,25,2,50.0,'Pelunasan'),(60,26,1,50.0,'DP'),(61,26,2,50.0,'Pelunasan'),(62,27,1,50.0,'DP'),(63,27,2,50.0,'Pelunasan'),(64,28,1,50.0,'DP'),(65,28,2,50.0,'Pelunasan'),(66,29,1,37.0,'DP'),(67,29,2,38.0,'Progress 51%'),(68,29,3,25.0,'Pelunasan'),(69,30,1,50.0,'DP'),(70,30,2,50.0,'Pelunasan'),(71,32,1,29.0,'DP'),(72,32,2,26.0,'Progress 80%'),(73,32,3,45.0,'Pelunasan'),(74,33,1,50.0,'DP'),(75,33,2,50.0,'Pelunasan'),(76,34,1,31.0,'DP'),(77,34,2,31.0,'Progress 73%'),(78,34,3,38.0,'Pelunasan'),(79,35,1,50.0,'DP'),(80,35,2,50.0,'Pelunasan'),(81,36,1,29.0,'DP'),(82,36,2,37.0,'Progress 84%'),(83,36,3,34.0,'Pelunasan'),(84,37,1,26.0,'DP'),(85,37,2,37.0,'Progress 66%'),(86,37,3,37.0,'Pelunasan'),(87,38,1,50.0,'DP'),(88,38,2,50.0,'Pelunasan'),(89,41,1,34.0,'DP'),(90,41,2,38.0,'Progress 76%'),(91,41,3,28.0,'Pelunasan'),(92,42,1,32.0,'DP'),(93,42,2,40.0,'Progress 77%'),(94,42,3,28.0,'Pelunasan'),(95,43,1,50.0,'DP'),(96,43,2,50.0,'Pelunasan'),(97,44,1,50.0,'DP'),(98,44,2,50.0,'Pelunasan'),(99,45,1,36.0,'DP'),(100,45,2,25.0,'Progress 78%'),(101,45,3,39.0,'Pelunasan'),(102,46,1,28.0,'DP'),(103,46,2,24.0,'Progress 80%'),(104,46,3,48.0,'Pelunasan'),(105,47,1,20.0,'DP'),(106,47,2,22.0,'Progress 84%'),(107,47,3,58.0,'Pelunasan'),(108,48,1,34.0,'DP'),(109,48,2,40.0,'Progress 57%'),(110,48,3,26.0,'Pelunasan'),(111,49,1,50.0,'DP'),(112,49,2,50.0,'Pelunasan'),(113,50,1,50.0,'DP'),(114,50,2,50.0,'Pelunasan'),(115,51,1,50.0,'DP'),(116,51,2,50.0,'Pelunasan'),(117,53,1,22.0,'DP'),(118,53,2,28.0,'Progress 59%'),(119,53,3,50.0,'Pelunasan'),(120,54,1,36.0,'DP'),(121,54,2,26.0,'Progress 74%'),(122,54,3,38.0,'Pelunasan'),(123,55,1,21.0,'DP'),(124,55,2,24.0,'Progress 68%'),(125,55,3,55.0,'Pelunasan'),(126,56,1,33.0,'DP'),(127,56,2,25.0,'Progress 77%'),(128,56,3,42.0,'Pelunasan'),(129,57,1,27.0,'DP'),(130,57,2,37.0,'Progress 67%'),(131,57,3,36.0,'Pelunasan'),(132,58,1,50.0,'DP'),(133,58,2,50.0,'Pelunasan'),(134,59,1,34.0,'DP'),(135,59,2,26.0,'Progress 53%'),(136,59,3,40.0,'Pelunasan'),(137,61,1,28.0,'DP'),(138,61,2,22.0,'Progress 82%'),(139,61,3,50.0,'Pelunasan'),(140,62,1,26.0,'DP'),(141,62,2,39.0,'Progress 81%'),(142,62,3,35.0,'Pelunasan'),(143,65,1,50.0,'DP'),(144,65,2,50.0,'Pelunasan'),(145,66,1,50.0,'DP'),(146,66,2,50.0,'Pelunasan'),(147,67,1,50.0,'DP'),(148,67,2,50.0,'Pelunasan'),(149,68,1,31.0,'DP'),(150,68,2,39.0,'Progress 89%'),(151,68,3,30.0,'Pelunasan'),(152,69,1,24.0,'DP'),(153,69,2,21.0,'Progress 66%'),(154,69,3,55.0,'Pelunasan'),(155,70,1,40.0,'DP'),(156,70,2,39.0,'Progress 63%'),(157,70,3,21.0,'Pelunasan'),(158,71,1,37.0,'DP'),(159,71,2,29.0,'Progress 62%'),(160,71,3,34.0,'Pelunasan'),(161,72,1,33.0,'DP'),(162,72,2,22.0,'Progress 77%'),(163,72,3,45.0,'Pelunasan'),(164,73,1,50.0,'DP'),(165,73,2,50.0,'Pelunasan'),(166,74,1,20.0,'DP'),(167,74,2,37.0,'Progress 73%'),(168,74,3,43.0,'Pelunasan'),(169,76,1,34.0,'DP'),(170,76,2,29.0,'Progress 55%'),(171,76,3,37.0,'Pelunasan'),(172,77,1,27.0,'DP'),(173,77,2,21.0,'Progress 78%'),(174,77,3,52.0,'Pelunasan'),(175,79,1,28.0,'DP'),(176,79,2,21.0,'Progress 82%'),(177,79,3,51.0,'Pelunasan'),(178,80,1,50.0,'DP'),(179,80,2,50.0,'Pelunasan'),(180,81,1,50.0,'DP'),(181,81,2,50.0,'Pelunasan'),(182,86,1,26.0,'DP'),(183,86,2,30.0,'Progress 68%'),(184,86,3,44.0,'Pelunasan'),(185,87,1,28.0,'DP'),(186,87,2,32.0,'Progress 70%'),(187,87,3,40.0,'Pelunasan'),(188,88,1,36.0,'DP'),(189,88,2,23.0,'Progress 88%'),(190,88,3,41.0,'Pelunasan'),(191,90,1,50.0,'DP'),(192,90,2,50.0,'Pelunasan'),(193,91,1,26.0,'DP'),(194,91,2,24.0,'Progress 67%'),(195,91,3,50.0,'Pelunasan'),(196,92,1,50.0,'DP'),(197,92,2,50.0,'Pelunasan'),(198,94,1,25.0,'DP'),(199,94,2,36.0,'Progress 64%'),(200,94,3,39.0,'Pelunasan'),(201,95,1,25.0,'DP'),(202,95,2,23.0,'Progress 60%'),(203,95,3,52.0,'Pelunasan'),(204,96,1,23.0,'DP'),(205,96,2,27.0,'Progress 85%'),(206,96,3,50.0,'Pelunasan'),(207,97,1,21.0,'DP'),(208,97,2,24.0,'Progress 66%'),(209,97,3,55.0,'Pelunasan'),(210,98,1,22.0,'DP'),(211,98,2,27.0,'Progress 83%'),(212,98,3,51.0,'Pelunasan'),(213,99,1,50.0,'DP'),(214,99,2,50.0,'Pelunasan'),(215,100,1,50.0,'DP'),(216,100,2,50.0,'Pelunasan');
/*!40000 ALTER TABLE `proyek_tahap_pembayaran` ENABLE KEYS */;
UNLOCK TABLES;

--
-- Table structure for table `proyek_term`
--

DROP TABLE IF EXISTS `proyek_term`;
/*!40101 SET @saved_cs_client     = @@character_set_client */;
/*!50503 SET character_set_client = utf8mb4 */;
CREATE TABLE `proyek_term` (
  `id` int NOT NULL AUTO_INCREMENT,
  `proyek_id` int NOT NULL,
  `urutan` int NOT NULL,
  `deskripsi` varchar(200) DEFAULT '',
  `dasar` enum('barang','pekerjaan','grand_total') DEFAULT 'barang',
  `persen` decimal(5,2) DEFAULT '0.00',
  `jumlah` decimal(15,2) DEFAULT '0.00',
  PRIMARY KEY (`id`),
  KEY `proyek_id` (`proyek_id`),
  CONSTRAINT `proyek_term_ibfk_1` FOREIGN KEY (`proyek_id`) REFERENCES `proyek` (`id`) ON DELETE CASCADE
) ENGINE=InnoDB DEFAULT CHARSET=utf8mb4 COLLATE=utf8mb4_0900_ai_ci;
/*!40101 SET character_set_client = @saved_cs_client */;

--
-- Dumping data for table `proyek_term`
--

LOCK TABLES `proyek_term` WRITE;
/*!40000 ALTER TABLE `proyek_term` DISABLE KEYS */;
/*!40000 ALTER TABLE `proyek_term` ENABLE KEYS */;
UNLOCK TABLES;

--
-- Table structure for table `users`
--

DROP TABLE IF EXISTS `users`;
/*!40101 SET @saved_cs_client     = @@character_set_client */;
/*!50503 SET character_set_client = utf8mb4 */;
CREATE TABLE `users` (
  `id` int NOT NULL AUTO_INCREMENT,
  `entity_id` int DEFAULT NULL,
  `name` varchar(100) NOT NULL,
  `email` varchar(100) NOT NULL,
  `password` varchar(255) NOT NULL,
  `role` varchar(20) NOT NULL,
  `active` tinyint(1) DEFAULT '1',
  `created_at` timestamp NULL DEFAULT CURRENT_TIMESTAMP,
  PRIMARY KEY (`id`),
  UNIQUE KEY `email` (`email`),
  CONSTRAINT `users_chk_1` CHECK ((`role` in (_utf8mb4'super_admin',_utf8mb4'owner',_utf8mb4'admin',_utf8mb4'karyawan',_utf8mb4'freelance')))
) ENGINE=InnoDB AUTO_INCREMENT=6 DEFAULT CHARSET=utf8mb4 COLLATE=utf8mb4_0900_ai_ci;
/*!40101 SET character_set_client = @saved_cs_client */;

--
-- Dumping data for table `users`
--

LOCK TABLES `users` WRITE;
/*!40000 ALTER TABLE `users` DISABLE KEYS */;
INSERT INTO `users` VALUES (1,1,'Super Admin','admin@sriwijayagrafika.com','$2y$10$R4jm1sRx9is8iQoSqTwIi.DedkmeT58cPmxvp4US1yo9savo2RQcO','super_admin',1,'2026-06-08 09:46:38'),(2,1,'Budi Santoso','budi@sriwijayagrafika.com','$2y$10$R4jm1sRx9is8iQoSqTwIi.DedkmeT58cPmxvp4US1yo9savo2RQcO','admin',1,'2026-06-08 09:46:38'),(3,1,'Siti Rahmawati','siti@sriwijayagrafika.com','$2y$10$R4jm1sRx9is8iQoSqTwIi.DedkmeT58cPmxvp4US1yo9savo2RQcO','admin',1,'2026-06-08 09:46:38'),(4,2,'Ahmad Fauzi','ahmad@workshop.com','$2y$10$R4jm1sRx9is8iQoSqTwIi.DedkmeT58cPmxvp4US1yo9savo2RQcO','owner',1,'2026-06-08 09:46:38'),(5,1,'Dewi Lestari','dewi@sriwijayagrafika.com','$2y$10$R4jm1sRx9is8iQoSqTwIi.DedkmeT58cPmxvp4US1yo9savo2RQcO','karyawan',1,'2026-06-08 09:46:38');
/*!40000 ALTER TABLE `users` ENABLE KEYS */;
UNLOCK TABLES;

--
-- Dumping routines for database 'sgrafika'
--
/*!40103 SET TIME_ZONE=@OLD_TIME_ZONE */;

/*!40101 SET SQL_MODE=@OLD_SQL_MODE */;
/*!40014 SET FOREIGN_KEY_CHECKS=@OLD_FOREIGN_KEY_CHECKS */;
/*!40014 SET UNIQUE_CHECKS=@OLD_UNIQUE_CHECKS */;
/*!40101 SET CHARACTER_SET_CLIENT=@OLD_CHARACTER_SET_CLIENT */;
/*!40101 SET CHARACTER_SET_RESULTS=@OLD_CHARACTER_SET_RESULTS */;
/*!40101 SET COLLATION_CONNECTION=@OLD_COLLATION_CONNECTION */;
/*!40111 SET SQL_NOTES=@OLD_SQL_NOTES */;

-- Dump completed on 2026-06-08 16:56:47
